,contrast,Site,odds.ratio,SE,df,lower.CL,upper.CL,null,t.ratio,p.value
1,Apis / Bombus,BP,0.146665349328455,0.170887728704534,146,0.0146641578228892,1.46689124281394,1,-1.64750900501644,0.101604019793633
2,Apis / Bombus,E,2.4999990687926,1.84466124790908,146,0.58159236502049,10.7463503991213,1,1.24181339409498,0.216296618514677
3,Apis / Bombus,GT,1.74999979100253,1.4031213638638,146,0.35880144315133,8.53535939435244,1,0.69796336094154,0.486310219284983
4,Apis / Bombus,K,1.45833215814184,1.30534213078719,146,0.24864759041041,8.55320045515154,1,0.421513350551382,0.674000202754209
5,Apis / Bombus,PL,0.666666953385519,0.662379902743982,146,0.0935647754276482,4.75012978660981,1,-0.408088923724735,0.68380623578609
6,Apis / Bombus,PR,1.33333257109877,1.32217481783643,146,0.18784737866173,9.46393693549608,1,0.290109227548658,0.772144307553898
