,contrast,Site,odds.ratio,SE,df,asymp.LCL,asymp.UCL,null,z.ratio,p.value
1,Apis / Bombus,BP,0.146666666681036,0.170887865352136,Inf,0.014947156936172,1.43914399287998,1,-1.64751477667121,0.0994522814979281
2,Apis / Bombus,E,2.50000000000002,1.84466196843157,Inf,0.588665200682377,10.6172404836487,1,1.24181387641072,0.214305241712275
3,Apis / Bombus,GT,1.75,1.4031215200402,Inf,0.363545274602769,8.42398516483616,1,0.697963515561314,0.485200011050179
4,Apis / Bombus,K,1.45833333333333,1.30534314170359,Inf,0.252320616071617,8.42870528862167,1,0.421514264080699,0.673379597523357
5,Apis / Bombus,PL,0.666666666666672,0.662379376751658,Inf,0.0951001538262428,4.67343559986764,1,-0.408089505137857,0.683207964685506
6,Apis / Bombus,PR,1.33333333333334,1.32217553605721,Inf,0.190923920651604,9.31144600273457,1,0.290109812306938,0.771732229325183
